{"cameraMode":{"drawMode":0,"name":"Shaded","section":"Shading Mode"},"sceneLighting":true,"audioPlay":false,"sceneViewState":{"showFog":true,"showMaterialUpdate":false,"showSkybox":true,"showFlares":true,"showImageEffects":true,"showParticleSystems":true},"in2DMode":false,"pivot":{"x":0.028890371322631837,"y":0.6006443500518799,"z":-3.353170871734619},"rotation":{"x":-0.07681285589933396,"y":0.9178986549377441,"z":-0.219096839427948,"w":-0.32180505990982058},"size":3.979233980178833,"orthographic":false}